-- phpMyAdmin SQL Dump
-- version 5.0.4
-- https://www.phpmyadmin.net/
--
-- Host: localhost
-- Generation Time: Mar 30, 2021 at 06:25 PM
-- Server version: 10.4.17-MariaDB
-- PHP Version: 8.0.0

SET SQL_MODE = "NO_AUTO_VALUE_ON_ZERO";
START TRANSACTION;
SET time_zone = "+00:00";


/*!40101 SET @OLD_CHARACTER_SET_CLIENT=@@CHARACTER_SET_CLIENT */;
/*!40101 SET @OLD_CHARACTER_SET_RESULTS=@@CHARACTER_SET_RESULTS */;
/*!40101 SET @OLD_COLLATION_CONNECTION=@@COLLATION_CONNECTION */;
/*!40101 SET NAMES utf8mb4 */;

--
-- Database: `popcorndb`
--

-- --------------------------------------------------------

--
-- Table structure for table `movie`
--

CREATE TABLE `movie` (
  `movieid` int(11) NOT NULL,
  `title` varchar(80) NOT NULL,
  `year` int(11) NOT NULL,
  `runtime` varchar(80) NOT NULL,
  `genre` varchar(80) NOT NULL,
  `plot` blob DEFAULT NULL,
  `imdb` varchar(255) NOT NULL,
  `img` longblob DEFAULT NULL
) ENGINE=InnoDB DEFAULT CHARSET=utf8mb4;

--
-- Dumping data for table `movie`
--

INSERT INTO `movie` (`movieid`, `title`, `year`, `runtime`, `genre`, `plot`, `imdb`, `img`) VALUES
(81, 'Godzilla vs Kong', 2021, '2hrs 10mins', 'Action,Sci-fi', 0x5468652065706963206e657874206368617074657220696e207468652063696e656d61746963204d6f6e73746572766572736520706974732074776f206f66207468652067726561746573742069636f6e7320696e206d6f74696f6e207069637475726520686973746f727920616761696e7374206f6e6520616e6f74686572202d207468652066656172736f6d6520476f647a696c6c6120616e6420746865206d6967687479204b6f6e67202d20776974682068756d616e6974792063617567687420696e207468652062616c616e63652e20, 'https://www.imdb.com/title/tt05034838/', 0x676f647a696c6c612e6a7067),
(86, 'Justice League', 2021, '4hrs 2min', 'Action , Superhero', 0x44657465726d696e656420746f20656e737572652053757065726d616e277320756c74696d6174652073616372696669636520776173206e6f7420696e207661696e2c204272756365205761796e6520616c69676e7320666f726365732077697468204469616e61205072696e6365207769746820706c616e7320746f20726563727569742061207465616d206f66206d65746168756d616e7320746f2070726f746563742074686520776f726c642066726f6d20616e20617070726f616368696e6720746872656174206f6620636174617374726f706869632070726f706f7274696f6e732e20, 'https://www.imdb.com/title/tt12361974/?pf_rd_m=A2FGELUUNOQJNL&pf_rd_p=ea4e08e1-c8a3-47b5-ac3a-75026647c16e&pf_rd_r=W2MTTXFJ6EQAWYJVSR6A&pf_rd_s=center-1&pf_rd_t=15506&pf_rd_i=moviemeter&ref_=chtmvm_tt_1', 0x4a4c2e6a7067),
(87, 'Deadly Illusions', 2021, '1hr 53min', 'Crime,Drama,Thriller', 0x41667465722061206265737473656c6c696e67206e6f76656c69737420737566666572696e672066726f6d20777269746572277320626c6f636b2068697265732061206e6577206e616e6e7920666f7220686572206368696c6472656e2c20746865206c696e65206265747765656e2066696374696f6e20616e64207265616c6974792073746172747320746f20626c75722e, 'https://www.imdb.com/title/tt7897330/?pf_rd_m=A2FGELUUNOQJNL&pf_rd_p=ea4e08e1-c8a3-47b5-ac3a-75026647c16e&pf_rd_r=W2MTTXFJ6EQAWYJVSR6A&pf_rd_s=center-1&pf_rd_t=15506&pf_rd_i=moviemeter&ref_=chtmvm_tt_4', 0x446561646c79496c6c7573696f6e732e6a7067),
(88, 'Mortal Kombat', 2021, '2hrs 10min', 'Action,Adventure,Fantasy', 0x4d4d41206669676874657220436f6c6520596f756e67207365656b73206f75742045617274682773206772656174657374206368616d70696f6e7320696e206f7264657220746f207374616e6420616761696e73742074686520656e656d696573206f66204f7574776f726c6420696e20612068696768207374616b657320626174746c6520666f722074686520756e6976657273652e20, 'https://www.imdb.com/title/tt0293429/?pf_rd_m=A2FGELUUNOQJNL&pf_rd_p=ea4e08e1-c8a3-47b5-ac3a-75026647c16e&pf_rd_r=W2MTTXFJ6EQAWYJVSR6A&pf_rd_s=center-1&pf_rd_t=15506&pf_rd_i=moviemeter&ref_=chtmvm_tt_6', 0x6d6f7274616c6b6f2e6a7067),
(89, 'Nobody', 2021, '2hrs 10min', 'Action, Crime, Drama', 0x412062797374616e6465722077686f20696e74657276656e657320746f2068656c70206120776f6d616e206265696e6720686172617373656420627920612067726f7570206f66206d656e206265636f6d65732074686520746172676574206f6620612076656e676566756c2064727567206c6f72642e, 'https://www.imdb.com/title/tt7888964/?pf_rd_m=A2FGELUUNOQJNL&pf_rd_p=ea4e08e1-c8a3-47b5-ac3a-75026647c16e&pf_rd_r=W2MTTXFJ6EQAWYJVSR6A&pf_rd_s=center-1&pf_rd_t=15506&pf_rd_i=moviemeter&ref_=chtmvm_tt_8', 0x6e6f626f64792e6a7067),
(91, 'Sound of Metal', 2019, '1hr 20min', 'Music, Drama', 0x412068656176792d6d6574616c206472756d6d65722773206c696665206973207468726f776e20696e746f206672656566616c6c207768656e20686520626567696e7320746f206c6f7365206869732068656172696e672e20, 'https://www.imdb.com/title/tt5363618/?pf_rd_m=A2FGELUUNOQJNL&pf_rd_p=ea4e08e1-c8a3-47b5-ac3a-75026647c16e&pf_rd_r=W2MTTXFJ6EQAWYJVSR6A&pf_rd_s=center-1&pf_rd_t=15506&pf_rd_i=moviemeter&ref_=chtmvm_tt_18', 0x736f6d6574616c2e6a7067),
(92, 'I care A lot', 2021, '2hrs 5min', 'Crime, Dark Comedy', 0x412063726f6f6b6564206c6567616c20677561726469616e2077686f20647261696e732074686520736176696e6773206f662068657220656c6465726c79207761726473206d6565747320686572206d61746368207768656e206120776f6d616e2073686520747269657320746f207377696e646c65207475726e73206f757420746f206265206d6f7265207468616e2073686520666972737420617070656172732e20, 'https://www.imdb.com/title/tt9893250/?pf_rd_m=A2FGELUUNOQJNL&pf_rd_p=ea4e08e1-c8a3-47b5-ac3a-75026647c16e&pf_rd_r=W2MTTXFJ6EQAWYJVSR6A&pf_rd_s=center-1&pf_rd_t=15506&pf_rd_i=moviemeter&ref_=chtmvm_tt_21', 0x6963617265616c6f742e6a7067),
(93, 'Aquaman', 2018, '2hrs 10min', 'Action, Crime,Drama', 0x204172746875722043757272792c207468652068756d616e2d626f726e206865697220746f2074686520756e6465727761746572206b696e67646f6d206f662041746c616e7469732c20676f6573206f6e206120717565737420746f2070726576656e74206120776172206265747765656e2074686520776f726c6473206f66206f6365616e20616e64206c616e642e20, 'https://www.imdb.com/title/tt1477834/?pf_rd_m=A2FGELUUNOQJNL&pf_rd_p=ea4e08e1-c8a3-47b5-ac3a-75026647c16e&pf_rd_r=W2MTTXFJ6EQAWYJVSR6A&pf_rd_s=center-1&pf_rd_t=15506&pf_rd_i=moviemeter&ref_=chtmvm_tt_27', 0x617175616d616e2e6a7067),
(94, 'Skylines', 2020, '2hrs 40mins', 'Action, Crime,Drama', 0x5768656e206120766972757320746872656174656e7320746f207475726e20746865206e6f772065617274682d6477656c6c696e6720667269656e646c7920616c69656e206879627269647320616761696e73742068756d616e732c204361707461696e20526f736520436f726c6579206d757374206c6561642061207465616d206f6620656c697465206d657263656e6172696573206f6e2061206d697373696f6e20746f2074686520616c69656e20776f726c6420696e206f7264657220746f207361766520776861742773206c656674206f662068756d616e6974792e20, 'https://www.imdb.com/title/tt9387250/?pf_rd_m=A2FGELUUNOQJNL&pf_rd_p=ea4e08e1-c8a3-47b5-ac3a-75026647c16e&pf_rd_r=W2MTTXFJ6EQAWYJVSR6A&pf_rd_s=center-1&pf_rd_t=15506&pf_rd_i=moviemeter&ref_=chtmvm_tt_33', 0x736b796c696e652e6a7067),
(95, 'Interstellar', 2014, '2hrs 40mins', 'Sci-fi, Action', 0x41207465616d206f66206578706c6f726572732074726176656c207468726f756768206120776f726d686f6c6520696e20737061636520696e20616e20617474656d707420746f20656e737572652068756d616e697479277320737572766976616c2e20, 'https://www.imdb.com/title/tt0816692/?pf_rd_m=A2FGELUUNOQJNL&pf_rd_p=e31d89dd-322d-4646-8962-327b42fe94b1&pf_rd_r=F6KW0AW519GHYT0RP5B6&pf_rd_s=center-1&pf_rd_t=15506&pf_rd_i=top&ref_=chttp_tt_29', 0x696e7465727374656c6c61722e6a7067);

-- --------------------------------------------------------

--
-- Table structure for table `moviereview`
--

CREATE TABLE `moviereview` (
  `id` int(11) NOT NULL,
  `username` varchar(255) NOT NULL,
  `movieid` int(11) NOT NULL,
  `reviewtxt` varchar(10000) NOT NULL,
  `createdAt` timestamp NOT NULL DEFAULT current_timestamp() ON UPDATE current_timestamp()
) ENGINE=InnoDB DEFAULT CHARSET=utf8mb4;

--
-- Dumping data for table `moviereview`
--

INSERT INTO `moviereview` (`id`, `username`, `movieid`, `reviewtxt`, `createdAt`) VALUES
(21, 'sujan23', 93, 'awesome', '2021-03-30 14:04:10'),
(22, 'sk12', 94, 'wow', '2021-03-30 14:04:27'),
(23, 'sk12', 93, 'Aquaman rocks!!', '2021-03-30 15:39:50'),
(24, 'shitu12', 94, 'I liked this movie', '2021-03-30 16:03:01'),
(25, 'shitu12', 93, 'Aquaman is awesome!', '2021-03-30 16:03:35');

-- --------------------------------------------------------

--
-- Table structure for table `tvshow`
--

CREATE TABLE `tvshow` (
  `tvshowid` int(11) NOT NULL,
  `title` varchar(80) NOT NULL,
  `year` int(11) NOT NULL,
  `season` varchar(80) NOT NULL,
  `genre` varchar(80) NOT NULL,
  `plot` blob DEFAULT NULL,
  `imdb` varchar(255) NOT NULL,
  `img` longblob DEFAULT NULL
) ENGINE=InnoDB DEFAULT CHARSET=utf8mb4;

--
-- Dumping data for table `tvshow`
--

INSERT INTO `tvshow` (`tvshowid`, `title`, `year`, `season`, `genre`, `plot`, `imdb`, `img`) VALUES
(8, 'Sons of Anarchy', 2008, '7', 'Action, Crime,Drama', 0x412062696b6572207374727567676c657320746f2062616c616e6365206265696e6720612066617468657220616e64206265696e6720696e766f6c76656420696e20616e206f75746c6177206d6f746f726379636c6520636c75622e, 'https://www.imdb.com/title/tt01124373/', 0x536f6e736f66416e61726368792e6a7067),
(9, 'The Punisher', 2014, '2', 'Action , Superhero', 0x416674657220746865206d7572646572206f66206869732066616d696c792c204d6172696e65207665746572616e204672616e6b20436173746c65206265636f6d65732074686520766967696c616e7465206b6e6f776e20617320225468652050756e69736865722c222077697468206f6e6c79206f6e6520676f616c20696e206d696e643a20746f206176656e6765207468656d2e20, 'https://www.imdb.com/title/tt05675620/', 0x70756e69736865722e6a706567),
(11, 'The Last Dance', 2020, '1', 'Sports', 0x4368617274696e67207468652072697365206f662074686520313939302773204368696361676f2042756c6c732c206c6564206279204d69636861656c204a6f7264616e2c206f6e65206f6620746865206d6f7374206e6f7461626c652064796e61737469657320696e2073706f72747320686973746f72792e20, 'https://www.imdb.com/title/tt08420184/', 0x5468655f4c6173745f44616e63655f323032302e6a7067),
(12, 'Chernobyl', 2019, '1', 'Drama, History', 0x496e20417072696c20313938362c20616e206578706c6f73696f6e2061742074686520436865726e6f62796c206e75636c65617220706f77657220706c616e7420696e2074686520556e696f6e206f6620536f7669657420536f6369616c6973742052657075626c696373206265636f6d6573206f6e65206f662074686520776f726c64277320776f727374206d616e2d6d61646520636174617374726f706865732e, 'https://www.imdb.com/title/tt7366338/?pf_rd_m=A2FGELUUNOQJNL&pf_rd_p=12230b0e-0e00-43ed-9e59-8d5353703cce&pf_rd_r=WWSW353G8G5MM97YWQ9Q&pf_rd_s=center-1&pf_rd_t=15506&pf_rd_i=toptv&ref_=chttvtp_tt_5', 0x636865726e6f62796c2e6a7067),
(13, 'Sherlock', 2010, '3', 'Crime', 0x41206d6f6465726e207570646174652066696e6473207468652066616d6f757320736c6575746820616e642068697320646f63746f7220706172746e657220736f6c76696e67206372696d6520696e20323173742063656e74757279204c6f6e646f6e2e20, 'https://www.imdb.com/title/tt1475582/?pf_rd_m=A2FGELUUNOQJNL&pf_rd_p=12230b0e-0e00-43ed-9e59-8d5353703cce&pf_rd_r=WWSW353G8G5MM97YWQ9Q&pf_rd_s=center-1&pf_rd_t=15506&pf_rd_i=toptv&ref_=chttvtp_tt_21', 0x736865726c6f636b2e6a7067),
(14, 'Fargo', 2014, '3', 'Crime,Drama,Thriller', 0x566172696f7573206368726f6e69636c6573206f6620646563657074696f6e2c20696e74726967756520616e64206d757264657220696e20616e642061726f756e642066726f7a656e204d696e6e65736f74612e2059657420616c6c206f662074686573652074616c6573206d7973746572696f75736c79206c656164206261636b206f6e6520776179206f7220616e6f7468657220746f20466172676f2c204e6f7274682044616b6f74612e, 'https://www.imdb.com/title/tt2802850/?pf_rd_m=A2FGELUUNOQJNL&pf_rd_p=12230b0e-0e00-43ed-9e59-8d5353703cce&pf_rd_r=WWSW353G8G5MM97YWQ9Q&pf_rd_s=center-1&pf_rd_t=15506&pf_rd_i=toptv&ref_=chttvtp_tt_38', 0x666172676f2e6a7067),
(15, 'The Office', 2005, '9', 'Comedy', 0x41206d6f636b756d656e74617279206f6e20612067726f7570206f66207479706963616c206f666669636520776f726b6572732c2077686572652074686520776f726b64617920636f6e7369737473206f662065676f20636c61736865732c20696e617070726f707269617465206265686176696f722c20616e642074656469756d2e20, 'https://www.imdb.com/title/tt0386676/?pf_rd_m=A2FGELUUNOQJNL&pf_rd_p=12230b0e-0e00-43ed-9e59-8d5353703cce&pf_rd_r=WWSW353G8G5MM97YWQ9Q&pf_rd_s=center-1&pf_rd_t=15506&pf_rd_i=toptv&ref_=chttvtp_tt_43', 0x7468656f66666963652e6a7067),
(16, 'Batman Animated', 1992, '4', 'Animation', 0x546865204461726b204b6e6967687420626174746c6573206372696d6520696e20476f7468616d20436974792077697468206f63636173696f6e616c2068656c702066726f6d20526f62696e20616e64204261746769726c2e20, 'https://www.imdb.com/title/tt0103359/?pf_rd_m=A2FGELUUNOQJNL&pf_rd_p=12230b0e-0e00-43ed-9e59-8d5353703cce&pf_rd_r=WWSW353G8G5MM97YWQ9Q&pf_rd_s=center-1&pf_rd_t=15506&pf_rd_i=toptv&ref_=chttvtp_tt_26', 0x6261746d616e616e696d652e6a7067),
(17, 'True Detective', 2014, '3', 'Action, Crime, Drama, Thriller', 0x536561736f6e616c20616e74686f6c6f67792073657269657320696e20776869636820706f6c69636520696e7665737469676174696f6e7320756e65617274682074686520706572736f6e616c20616e642070726f66657373696f6e616c2073656372657473206f662074686f736520696e766f6c7665642c20626f74682077697468696e20616e64206f75747369646520746865206c61772e20, 'https://www.imdb.com/title/tt2356777/?pf_rd_m=A2FGELUUNOQJNL&pf_rd_p=12230b0e-0e00-43ed-9e59-8d5353703cce&pf_rd_r=WWSW353G8G5MM97YWQ9Q&pf_rd_s=center-1&pf_rd_t=15506&pf_rd_i=toptv&ref_=chttvtp_tt_31', 0x74646574652e6a7067),
(18, 'Death Note', 2006, '1', 'Animation', 0x416e20696e74656c6c6967656e742068696768207363686f6f6c2073747564656e7420676f6573206f6e206120736563726574206372757361646520746f20656c696d696e617465206372696d696e616c732066726f6d2074686520776f726c6420616674657220646973636f766572696e672061206e6f7465626f6f6b2063617061626c65206f66206b696c6c696e6720616e796f6e652077686f7365206e616d65206973207772697474656e20696e746f2069742e20, 'https://www.imdb.com/title/tt0877057/?pf_rd_m=A2FGELUUNOQJNL&pf_rd_p=12230b0e-0e00-43ed-9e59-8d5353703cce&pf_rd_r=WWSW353G8G5MM97YWQ9Q&pf_rd_s=center-1&pf_rd_t=15506&pf_rd_i=toptv&ref_=chttvtp_tt_32', 0x64656174686e6f74652e6a7067),
(19, 'Narcos', 2014, '3', 'Action, Crime', 0x41206368726f6e69636c6564206c6f6f6b20617420746865206372696d696e616c206578706c6f697473206f6620436f6c6f6d6269616e2064727567206c6f7264205061626c6f204573636f6261722c2061732077656c6c20617320746865206d616e79206f746865722064727567206b696e6770696e732077686f20706c61677565642074686520636f756e747279207468726f756768207468652079656172732e20, 'https://www.imdb.com/title/tt2707408/?ref_=fn_al_tt_1', 0x6e6172636f732e6a7067);

-- --------------------------------------------------------

--
-- Table structure for table `tvshowreview`
--

CREATE TABLE `tvshowreview` (
  `id` int(11) NOT NULL,
  `username` varchar(255) NOT NULL,
  `tvshowid` int(11) NOT NULL,
  `reviewtxt` varchar(255) NOT NULL,
  `createdAt` timestamp NOT NULL DEFAULT current_timestamp() ON UPDATE current_timestamp()
) ENGINE=InnoDB DEFAULT CHARSET=utf8mb4;

--
-- Dumping data for table `tvshowreview`
--

INSERT INTO `tvshowreview` (`id`, `username`, `tvshowid`, `reviewtxt`, `createdAt`) VALUES
(1, 'sk12', 9, 'Punisher is just awesome.', '2021-03-28 07:00:17'),
(2, 'sk12', 7, '10/10 for this series!', '2021-03-28 09:46:14'),
(4, 'sk12', 7, 'awesomee\r\n', '2021-03-28 09:56:15'),
(6, 'sk12', 18, 'Awesome anime!', '2021-03-30 15:32:49'),
(7, 'sk12', 15, 'So funny!', '2021-03-30 15:26:28'),
(8, 'sk12', 11, 'MJ 23 !!!', '2021-03-30 15:37:40'),
(9, 'shitu12', 13, 'Suspenseful series!', '2021-03-30 16:03:56');

-- --------------------------------------------------------

--
-- Table structure for table `users`
--

CREATE TABLE `users` (
  `id` int(11) NOT NULL,
  `username` varchar(50) NOT NULL,
  `password` varchar(255) NOT NULL,
  `created_at` datetime DEFAULT current_timestamp(),
  `firstname` varchar(80) NOT NULL,
  `lastname` varchar(80) NOT NULL,
  `phone` varchar(80) NOT NULL,
  `email` varchar(80) NOT NULL,
  `img` longblob DEFAULT NULL
) ENGINE=InnoDB DEFAULT CHARSET=utf8mb4;

--
-- Dumping data for table `users`
--

INSERT INTO `users` (`id`, `username`, `password`, `created_at`, `firstname`, `lastname`, `phone`, `email`, `img`) VALUES
(18, 'sk12', '$2y$10$7b0p3OoqKP7oCY3o5uaeiON9otKzZSTsjvJMaaWKJP.b7pVKjJ0vW', '2021-03-16 12:29:46', 'Sakar', 'KC', '0123456712', 'sk12@gmail.com', 0x6261742e706e67),
(19, 'admin', '$2y$10$G4OG7EihwFN.slk4FBbVjOYyKK3l3BkrQgMxWGCMlYoSo.7Q3CrdC', '2021-03-16 12:30:36', 'Admin', 'Adminer', '1234567890', 'admn@gmail.com', 0x6176617461722e706e67),
(49, 'shitu12', '$2y$10$RhrDplNiJiYy0opojTEUVOUkKvx.ewHFDiv7sZBfAcXPWAUV7m1Im', '2021-03-30 16:02:04', 'Shitu', 'Maharjan', '0987654321', 's@gmail.com', 0x686561742e6a7067);

--
-- Indexes for dumped tables
--

--
-- Indexes for table `movie`
--
ALTER TABLE `movie`
  ADD PRIMARY KEY (`movieid`);

--
-- Indexes for table `moviereview`
--
ALTER TABLE `moviereview`
  ADD PRIMARY KEY (`id`);

--
-- Indexes for table `tvshow`
--
ALTER TABLE `tvshow`
  ADD PRIMARY KEY (`tvshowid`);

--
-- Indexes for table `tvshowreview`
--
ALTER TABLE `tvshowreview`
  ADD PRIMARY KEY (`id`);

--
-- Indexes for table `users`
--
ALTER TABLE `users`
  ADD PRIMARY KEY (`id`),
  ADD UNIQUE KEY `username` (`username`);

--
-- AUTO_INCREMENT for dumped tables
--

--
-- AUTO_INCREMENT for table `movie`
--
ALTER TABLE `movie`
  MODIFY `movieid` int(11) NOT NULL AUTO_INCREMENT, AUTO_INCREMENT=97;

--
-- AUTO_INCREMENT for table `moviereview`
--
ALTER TABLE `moviereview`
  MODIFY `id` int(11) NOT NULL AUTO_INCREMENT, AUTO_INCREMENT=27;

--
-- AUTO_INCREMENT for table `tvshow`
--
ALTER TABLE `tvshow`
  MODIFY `tvshowid` int(11) NOT NULL AUTO_INCREMENT, AUTO_INCREMENT=21;

--
-- AUTO_INCREMENT for table `tvshowreview`
--
ALTER TABLE `tvshowreview`
  MODIFY `id` int(11) NOT NULL AUTO_INCREMENT, AUTO_INCREMENT=11;

--
-- AUTO_INCREMENT for table `users`
--
ALTER TABLE `users`
  MODIFY `id` int(11) NOT NULL AUTO_INCREMENT, AUTO_INCREMENT=50;
COMMIT;

/*!40101 SET CHARACTER_SET_CLIENT=@OLD_CHARACTER_SET_CLIENT */;
/*!40101 SET CHARACTER_SET_RESULTS=@OLD_CHARACTER_SET_RESULTS */;
/*!40101 SET COLLATION_CONNECTION=@OLD_COLLATION_CONNECTION */;
